"tvg_id","source_id","display_name","fallback_title"
"JOAKDTV.jp","NHK東京・総合_jp","NHK総合（東京）",""
"JOABDTV.jp","NHK東京・教育_jp","NHK Eテレ（東京）",""
"JOAXDTV.jp","日本テレビ_jp","日本テレビ",""
"JOEXDTV.jp","テレビ朝日_jp","テレビ朝日",""
"JORXDTV.jp","TBS_jp","TBSテレビ",""
"JOTXDTV.jp","テレ東_jp","テレビ東京",""
"JOCXDTV.jp","フジテレビ_jp","フジテレビ",""
"tokyomx1.jp","TokyoMX1.jp","Tokyo MX1",""
"NHKBS.jp","NHKBS.jp","NHK BS",""
"NHKBSP4K.jp","NHKBSP4K.jp","NHK BSP4K",""
"BSNipponTV.jp","BSNipponTV.jp","BS日テレ",""
"BSAsahi.jp","BSAsahi.jp","BS朝日",""
"BSTBS.jp","BSTBS.jp","BS-TBS",""
"BSTVTokyo.jp","BSTVTokyo.jp","BSテレ東",""
"BSFuji.jp","BSFuji.jp","BSフジ",""
"WOWOWPrime.jp","WOWOWPrime.jp","WOWOWプライム",""
"wowowlive.jp","WOWOWLive.jp","WOWOW Live",""
"WOWOWCinema.jp","WOWOWCinema.jp","WOWOWシネマ",""
"BS10Premium.jp","BS10プレミアム_jp","BS10プレミアム",""
"GreenChannel.jp","GreenChannel.jp","グリーンチャンネル",""
"animax.in","Animax.in","Animax",""
"jsports1.jp","JSPORTS1.jp","JSport 1",""
"jsports2.jp","JSPORTS2.jp","JSport 2",""
"jsports3.jp","JSPORTS3.jp","JSport 3",""
"jsports4.jp","JSPORTS4.jp","JSport 4",""
"fishingvision.jp","FishingVision.jp","Fishing Vision",""
"nihoneigasenmonchannel.jp","NihonEigaSenmonChannel.jp","Nihon Eiga Senmon",""
"disneychannel.jp","DisneyChannel.jp","Disney Channel",""
"j-com-bs_jp","J-COM-BS_jp","Jcom BS",""
"toeichannel.jp","ToeiChannel.jp","Toei Channel",""
"eiseigekijo.jp","EiseiGekijo.jp","Eisei Gekijo",""
"movieplus.jp","MoviePlus.jp","Movie Plus",""
"skya.jp","SkyA.jp","Sky A",""
"gaorasports.jp","GAORASPORTS.jp","GAORA",""
"golfnetwork.jp","GolfNetwork.jp","Golf Network",""
"takarazukaskystage.jp","TAKARAZUKASKYSTAGE.jp","Sky Stage",""
"jidaigekisenmonchannel.jp","JidaigekiSenmonChannel.jp","Jidaigeki Senmon",""
"familygekijyo.jp","FamilyGekijyo.jp","Family Gekijo",""
"homedramachannel.jp","HomeDramaChannel.jp","Home Drama Channel",""
"mondotv.jp","MONDOTV.jp","Mondo TV",""
"channelginga.jp","ChannelGinga.jp","Channel Ginga",""
"fujitvnext.jp","FujiTVNEXT.jp","Fuji TV Next",""
"lalatv.jp","LaLaTV.jp","LaLa TV",""
"spaceshowertv.jp","SpaceShowerTV.jp","Space Shower TV",""
"mtv.jp","MTV.jp","MTV",""
"kayopops.jp","KayoPops.jp","Kayo Pops",""
"kidsstation.jp","KidsStation.jp","Kids Station",""
"disneyjunior.jp","DisneyJunior.jp","Disney Junior",""
"discoverychannelsoutheastasia.sg@japan","DiscoveryChannelSoutheastAsia.sg@Japan","Discovery",""
"animalplanet.jp","AnimalPlanet.jp","Animal Planet",""
"history.jp","History.jp","History Channel",""
"nationalgeographic.jp","NationalGeographic.jp","National Geographic",""
"tbsnewscs.jp","TBSNewsCS.jp","TBS News",""
"bbcnews.uk@asiapacific","BBCNews.uk@AsiaPacific","BBC News",""
"cnnj.jp","CNNj.jp","CNNj",""
"tabichannel.jp","TABIChannel.jp","Tabi Channel",""
"musicjapantv.jp","MusicJapanTV.jp","Music Japan",""
"rch_45","rch_45","ウェザーニュースLiVE",""
"rch_47","rch_47","日テレNEWS",""
"rch_108","rch_108","FNNプライムオンライン",""
"rch_115","rch_115","MBSニュース",""
"rch_101","rch_101","日テレNEWSセレクト",""
"rch_56","rch_56","共同通信News",""
"rch_103","rch_103","NewsWorld",""
"rch_54","rch_54","オリコンニュース",""
"rch_70","rch_70","Bloomberg TV+",""
"rch_90","rch_90","Euronews",""
"rch_120","rch_120","Reuters 60",""
"fastch_v2_busns","FastTV_busns","ビジネス・プレミアム (FAST)",""
"fastch_v2_entns","FastTV_entns","エンタメニュース (FAST)",""
"NHKWorldJapan.jp","NHKWorldJapan.jp","NHK World-Japan",""
"rch_89","rch_89","TOP BARÇA",""
"rch_97","rch_97","NTV Pro Wrestling",""
"rch_64","rch_64","FUEL TV",""
"fastch_v2_bgolf","FastTV_bgolf","GOLF LIFE (FAST)",""
"rch_34","rch_34","ムビドラTV",""
"fastch_v2_samri","FastTV_samri","時代劇TV (FAST)",""
"fastch_v2_comdy","FastTV_comdy","LeminoTV (FAST)",""
"fastch_v2_asdrm","FastTV_asdrm","エンタメ・アジア (FAST)",""
"rch_73","rch_73","手塚プロダクションTV",""
"rch_65","rch_65","キッズ",""
"fastch_v2_kids","FastTV_kids","アニマックス FREE (FAST)",""
"rch_104","rch_104","that’s 70s",""
"rch_105","rch_105","that’s 80s",""
"rch_106","rch_106","that’s 90s00s",""
"rch_107","rch_107","that’s Rock",""
"fastch_v2_pett1","FastTV_pett1","ペットTV (FAST)",""
"fastch_v2_camng","FastTV_camng","キャンプ・アウトドア (FAST)",""
"fastch_v2_travl","FastTV_travl","今日のごはんなに? (FAST)",""
"fastch_v2_recip","FastTV_recip","観るたび (FAST)",""
"rch_100","rch_100","囲碁・将棋ライト (R)",""
"rch_74","rch_74","麻雀",""
"rch_35","rch_35","パチンコ・パチスロ",""
"rch_113","rch_113","ぷれいば！",""
"rch_86","rch_86","ワンニャンチャンネル",""
"rch_114","rch_114","九州・沖縄　街ネタ",""
"fastch_v2_news1","FastTV_news1","丸ごと九州 (FAST)",""
"fastch_v2_hokkaido","FastTV_hokkaido","丸ごと北海道 (FAST)",""
"fastch_v2_tokai","FastTV_tokai","東海ロキポ (FAST)",""
"fastch_v2_jpthp","FastTV_jpthp","ぴあ落語ざんまい (FAST)",""
"fastch_v2_goshogi","FastTV_goshogi","囲碁・将棋ライト (FAST)",""
"fastch_v2_krdrm","FastTV_krdrm","韓流チャンネル (FAST)",""
"fastch_v2_snyon","FastTV_snyon","FASHIONPLUS (FAST)",""
"ShopChannel.jp","ShopChannel.jp","ショップチャンネル",""
"GSTV.jp@SD","rch_112","GSTV (720p)",""
"QVC.jp@SD","QVC.jp","QVC (Japan) (1080p)",""
"RiBenGouWu1.jp","","日本购物1","日本购物1"
"RiBenGouWu2.jp","","日本购物2","日本购物2"
"RiBenGouWu3.jp","","日本购物3","日本购物3"
"RiBenGouWu4.jp","","日本购物4","日本购物4"
"CGNTVJapan.jp@SD","","CGNTV Japan (1080p)","CGNTV Japan (1080p)"
"UFCFAST.us@Xumo","99951134","UFC FAST（1080p・Kodi実機確認済）",""
"F1Channel.ie@US","formula1tv_frla1_US","F1 Channel FAST（Kodi実機確認済）",""
"JingYanAdultMovie.tw","456841","驚豔台（台湾・Yunshipin・実メディア確認済）",""
"PandoraPerfect.tw","456838","潘朵啦玩美台（台湾・実メディア確認済）",""
"SongShi1.tw","456834","松視1台（台湾・直TS・映像5分継続・AAC無音検出）",""
"SongShi2.tw","456835","松視2台（台湾・直TS・映像音声5分継続）",""
"SongShi3.tw","456836","松視3台（台湾・HLS優先・実セグメント70秒継続）",""
"Banana.tw","456842","香蕉台（台湾・117・実メディア確認済）",""
"GakiNoTsukai.jp","","Gaki no Tsukai（英語字幕・Kodi実機確認済）","Gaki no Tsukai（英語字幕・Kodi実機確認済）"
"rch_98","rch_125","セクシーエンタメチャンネル（実映像確認済）",""
"rch_40","rch_123","刺激ストロング（実映像確認済）",""
"rch_42","rch_122","映画（年齢制限あり・実映像確認済）",""
"ABCテレビ_jp","ABCテレビ_jp","ABCテレビ",""
"BS11-イレブン_jp","BS11-イレブン_jp","BS11-イレブン",""
"BS12トゥエルビ_jp","BS12トゥエルビ_jp","BS12トゥエルビ",""
"BSよしもと_jp","BSよしもと_jp","BSよしもと",""
"Dlife(ディーライフ)_jp","Dlife(ディーライフ)_jp","Dlife(ディーライフ)",""
"FIGHTING-TV-サムライ_jp","FIGHTING-TV-サムライ_jp","FIGHTING-TV-サムライ",""
"KBS京都_jp","KBS京都_jp","KBS京都",""
"MUSIC-ON!-TV(エムオン!)_jp","MUSIC-ON!-TV(エムオン!)_jp","MUSIC-ON!-TV(エムオン!)",""
"NHK・BSP_jp","NHK・BSP_jp","NHK・BSP",""
"NHK京都・総合_jp","NHK京都・総合_jp","NHK京都・総合",""
"NHK大阪・総合_jp","NHK大阪・総合_jp","NHK大阪・総合",""
"TBSチャンネル1_jp","TBSチャンネル1_jp","TBSチャンネル1",""
"TBSチャンネル2_jp","TBSチャンネル2_jp","TBSチャンネル2",""
"WOWOWプラス_jp","WOWOWプラス_jp","WOWOWプラス",""
"アクションチャンネル_jp","アクションチャンネル_jp","アクションチャンネル",""
"アニメシアター(AT-X)_jp","アニメシアター(AT-X)_jp","アニメシアター(AT-X)",""
"カートゥーン-ネットワーク_jp","カートゥーン-ネットワーク_jp","カートゥーン-ネットワーク",""
"サンテレビ_jp","サンテレビ_jp","サンテレビ",""
"ザ・シネマ_jp","ザ・シネマ_jp","ザ・シネマ",""
"スポーツライブ+_jp","スポーツライブ+_jp","スポーツライブ+",""
"スーパー!ドラマTV_jp","スーパー!ドラマTV_jp","スーパー!ドラマTV",""
"テレビ大阪_jp","テレビ大阪_jp","テレビ大阪",""
"テレ朝チャンネル1_jp","テレ朝チャンネル1_jp","テレ朝チャンネル1",""
"テレ朝チャンネル2_jp","テレ朝チャンネル2_jp","テレ朝チャンネル2",""
"フジテレビONE_jp","フジテレビONE_jp","フジテレビONE",""
"フジテレビTWO_jp","フジテレビTWO_jp","フジテレビTWO",""
"ミステリーチャンネル_jp","ミステリーチャンネル_jp","ミステリーチャンネル",""
"ミュージック・エア_jp","ミュージック・エア_jp","ミュージック・エア",""
"メ～テレNEXT_jp","メ～テレNEXT_jp","メ～テレNEXT",""
"囲碁・将棋チャンネル_jp","囲碁・将棋チャンネル_jp","囲碁・将棋チャンネル",""
"日テレNEWS24_jp","日テレNEWS24_jp","日テレNEWS24",""
"日テレジータス_jp","日テレジータス_jp","日テレジータス",""
"日テレプラス_jp","日テレプラス_jp","日テレプラス",""
"映画・チャンネルNECO_jp","映画・チャンネルNECO_jp","映画・チャンネルNECO",""
"毎日テレビ_jp","毎日テレビ_jp","毎日テレビ",""
"読売テレビ_jp","読売テレビ_jp","読売テレビ",""
"鉄道チャンネル_jp","鉄道チャンネル_jp","鉄道チャンネル",""
"関西テレビ_jp","関西テレビ_jp","関西テレビ",""
"abema-news","abema-news","ABEMA NEWSチャンネル",""
"news-plus","news-plus","ABEMA NEWS会見チャンネル",""
"special-plus","special-plus","ABEMA SPECIAL 2チャンネル",""
"abema-special","abema-special","ABEMA SPECIALチャンネル",""
"abema-anime","abema-anime","ABEMA アニメチャンネル",""
"abema-anime-2","abema-anime-2","ABEMA アニメチャンネル2",""
"abema-anime-3","abema-anime-3","ABEMA アニメチャンネル3",""
"boatrace","boatrace","BOATRACEチャンネル",""
"commercial","commercial","CMチャンネル",""
"disney","disney","DISNEY名作コレクション",""
"hiphop","hiphop","HIPHOPチャンネル",""
"k-world","k-world","K WORLDチャンネル",""
"motor-sport","motor-sport","MOTOR SPORTチャンネル",""
"onepiece","onepiece","ONE PIECEチャンネル",""
"world-sports","world-sports","SPORTSチャンネル",""
"atashinchi","atashinchi","あたしンちチャンネル",""
"chiikawa","","ちいかわチャンネル","ちいかわチャンネル"
"chibimaruko","chibimaruko","ちびまる子ちゃんチャンネル",""
"00s-anime-1","00s-anime-1","なつかしアニメ00's",""
"80s-anime-1","80s-anime-1","なつかしアニメ80's",""
"90s-anime-1","90s-anime-1","なつかしアニメ90's",""
"eyeshield","eyeshield","アイシールド21チャンネル",""
"pokemon-1","pokemon-1","アニメ ポケットモンスターチャンネル1",""
"pokemon-2","pokemon-2","アニメ ポケットモンスターチャンネル2",""
"anime-live","anime-live","アニメLIVEチャンネル",""
"anime-live2","anime-live2","アニメLIVEチャンネル2",""
"anime-live3","anime-live3","アニメLIVEチャンネル3",""
"anime-special-2","anime-special-2","アニメSPECIAL2チャンネル",""
"anime-special-3","anime-special-3","アニメSPECIAL3チャンネル",""
"anime-special-4","anime-special-4","アニメSPECIAL4",""
"special-plus-7","special-plus-7","アニメSPECIALチャンネル",""
"kitaro","","ゲゲゲの鬼太郎チャンネル","ゲゲゲの鬼太郎チャンネル"
"drama","drama","ドラマ映画チャンネル",""
"drama-2","drama-2","ドラマ映画チャンネル2",""
"family-anime-1","family-anime-1","ファミリーアニメ",""
"family-anime-2","family-anime-2","ファミリーアニメ2チャンネル",""
"family-anime-3","family-anime-3","ファミリーアニメ3チャンネル",""
"lovecomedy-anime","lovecomedy-anime","ラブコメアニメチャンネル",""
"chinese-drama","chinese-drama","中国ドラマチャンネル",""
"conan","conan","名探偵コナンチャンネル",""
"drama-4","drama-4","国内ドラマチャンネル",""
"sumo","","大相撲チャンネル","大相撲チャンネル"
"shogi","shogi","将棋チャンネル",""
"dailylife-anime","dailylife-anime","日常・青春アニメチャンネル",""
"fighting-sports","fighting-sports","格闘チャンネル",""
"drama-3","drama-3","海外ドラマ映画チャンネル1",""
"late-night-anime","late-night-anime","深夜アニメチャンネル",""
"isekai-anime-2","isekai-anime-2","異世界・ファンタジーアニメ2チャンネル",""
"isekai-anime-3","isekai-anime-3","異世界・ファンタジーアニメ3チャンネル",""
"isekai-anime-4","isekai-anime-4","異世界・ファンタジーアニメ4チャンネル",""
"isekai-anime-5","isekai-anime-5","異世界・ファンタジーアニメ5チャンネル",""
"isekai-anime","isekai-anime","異世界・ファンタジーアニメチャンネル",""
"keirin-auto","keirin-auto","競輪・オートレースチャンネル",""
"asia-drama-3","asia-drama-3","韓国 復讐愛憎劇",""
"asia-drama","asia-drama","韓国ドラマチャンネル",""
"asia-drama-2","asia-drama-2","韓国ドラマチャンネル2",""
"asia-love-comedy","asia-love-comedy","韓国ラブコメディ",""
"mahjong","mahjong","麻雀チャンネル",""
"Pigoo.jp","Pigoo.jp","Pigoo（HTTPS・実映像確認済）",""
"CH.635","VParadise.jp","V☆パラダイス（HTTPS・実映像確認済）",""
"rch_37","rch_37","エンタメ～テレDEEP（国内・実映像確認済）",""
"rch_41","","アイドル・グラビア（国内・実映像確認済）","アイドル・グラビア（国内・実映像確認済）"
"rch_59","","おとなの歓楽街 by MEN’S NECO（国内・実映像確認済）","おとなの歓楽街 by MEN’S NECO（国内・実映像確認済）"
"AdultIPTVLiveCams.int","","Live Cams","Live Cams"
"AdultIPTVMILF.int","","MILF","MILF"
"AdultIPTVPornstar.int","","Pornstar","Pornstar"
"AdultIPTVPOV.int","","POV","POV"
"AoShi2.tw","","奧視2台（台湾・実メディア確認済）","奧視2台（台湾・実メディア確認済）"
"SexGirl.tw","","Sex girl（台湾・実メディア確認済）","Sex girl（台湾・実メディア確認済）"
"JennyLive.int","","Jenny Live（海外・実セグメント確認済）","Jenny Live（海外・実セグメント確認済）"
"MiamiTVMexico.mx","","Miami TV Mexico（海外・実セグメント確認済）","Miami TV Mexico（海外・実セグメント確認済）"
"AdultIPTVAsian.int","","AdultIPTV Asian（海外・実セグメント確認済）","AdultIPTV Asian（海外・実セグメント確認済）"
"AdultIPTVBlonde.int","","AdultIPTV Blonde（海外・実セグメント確認済）","AdultIPTV Blonde（海外・実セグメント確認済）"
"Eropuls.de","","Eropuls DE（海外・実セグメント確認済）","Eropuls DE（海外・実セグメント確認済）"
"CentoXCento.it","","CentoXCento（海外・実セグメント確認済）","CentoXCento（海外・実セグメント確認済）"
"rch_51","rch_51","GAORA ZERO",""
"CNNInternational.us","76797","CNN International",""
"JimJam.uk","7218","JimJam",""
"KBS1.kr","KBS1.kr","KBS 1TV",""
